ID,Email,Senha
1,totoho6502@hazhab.com,testespootify1
2,fevew66968@inkight.com,testespootify1
3,cifihe5368@bamsrad.com,testespootify1
4,bivolop886@bamsrad.com,testespootify1
5,kijid36304@jazipo.com,testespootify1
6,bokehox847@hazhab.com,testespootify1
1,mocal26211@inkight.com,testespootify1
3,hipat16822@magpit.com,testespootify1
4,tagava8450@bamsrad.com,testespootify1
5,vehape5044@daupload.com,testespootify1
6,rewebi6611@hazhab.com,testespootify1
7,lohenep686@daupload.com,testespootify1
8,hevahe8879@neuraxo.com,testespootify1
9,vejege7939@bamsrad.com,testespootify1